DROP DATABASE IF EXISTS `san_joaquin`;
CREATE DATABASE `san_joaquin` CHARACTER SET utf8mb4 COLLATE utf8mb4_unicode_ci;
USE `san_joaquin`;

CREATE TABLE `roles` (
  `role_id` INT AUTO_INCREMENT PRIMARY KEY,
  `role_key` VARCHAR(50) NOT NULL UNIQUE,
  `label` VARCHAR(100) NOT NULL,
  `description` TEXT DEFAULT NULL,
  `created_at` DATETIME NOT NULL DEFAULT CURRENT_TIMESTAMP,
  `updated_at` DATETIME NOT NULL DEFAULT CURRENT_TIMESTAMP ON UPDATE CURRENT_TIMESTAMP
) ENGINE=InnoDB DEFAULT CHARSET=utf8mb4 COLLATE=utf8mb4_unicode_ci;

CREATE TABLE `permissions` (
  `permission_id` INT AUTO_INCREMENT PRIMARY KEY,
  `permission_key` VARCHAR(100) NOT NULL UNIQUE,
  `label` VARCHAR(150) NOT NULL,
  `description` TEXT DEFAULT NULL,
  `created_at` DATETIME NOT NULL DEFAULT CURRENT_TIMESTAMP,
  `updated_at` DATETIME NOT NULL DEFAULT CURRENT_TIMESTAMP ON UPDATE CURRENT_TIMESTAMP
) ENGINE=InnoDB DEFAULT CHARSET=utf8mb4 COLLATE=utf8mb4_unicode_ci;

CREATE TABLE `role_permissions` (
  `role_permission_id` INT AUTO_INCREMENT PRIMARY KEY,
  `role_id` INT NOT NULL,
  `permission_id` INT NOT NULL,
  FOREIGN KEY (`role_id`) REFERENCES `roles`(`role_id`) ON DELETE CASCADE,
  FOREIGN KEY (`permission_id`) REFERENCES `permissions`(`permission_id`) ON DELETE CASCADE
) ENGINE=InnoDB DEFAULT CHARSET=utf8mb4 COLLATE utf8mb4_unicode_ci;

CREATE TABLE `staff` (
  `staff_id` INT AUTO_INCREMENT PRIMARY KEY,
  `username` VARCHAR(100) NOT NULL UNIQUE,
  `password` VARCHAR(255) NOT NULL,
  `full_name` VARCHAR(150) NOT NULL,
  `role_id` INT NOT NULL,
  `email` VARCHAR(150) NOT NULL UNIQUE,
  `phone` VARCHAR(30) DEFAULT NULL,
  `status` ENUM('active', 'inactive') NOT NULL DEFAULT 'active',
  `created_at` DATETIME NOT NULL DEFAULT CURRENT_TIMESTAMP,
  `updated_at` DATETIME NOT NULL DEFAULT CURRENT_TIMESTAMP ON UPDATE CURRENT_TIMESTAMP,
  `last_login` DATETIME DEFAULT NULL,
  `notes` TEXT DEFAULT NULL,
  FOREIGN KEY (`role_id`) REFERENCES `roles`(`role_id`) ON DELETE RESTRICT
) ENGINE=InnoDB DEFAULT CHARSET=utf8mb4 COLLATE utf8mb4_unicode_ci;

CREATE TABLE `customers` (
  `customer_id` INT AUTO_INCREMENT PRIMARY KEY,
  `name` VARCHAR(150) NOT NULL,
  `email` VARCHAR(150) NOT NULL UNIQUE,
  `password` VARCHAR(255) NOT NULL,
  `registered_at` DATETIME NOT NULL DEFAULT CURRENT_TIMESTAMP,
  `status` ENUM('active', 'inactive') NOT NULL DEFAULT 'active'
) ENGINE=InnoDB DEFAULT CHARSET=utf8mb4 COLLATE utf8mb4_unicode_ci;

CREATE TABLE `promotions` (
  `promotion_id` INT AUTO_INCREMENT PRIMARY KEY,
  `title` VARCHAR(200) NOT NULL,
  `description` TEXT NOT NULL,
  `price` DECIMAL(10,2) DEFAULT NULL,
  `is_active` TINYINT(1) NOT NULL DEFAULT 1,
  `created_at` DATETIME NOT NULL DEFAULT CURRENT_TIMESTAMP,
  `updated_at` DATETIME NOT NULL DEFAULT CURRENT_TIMESTAMP ON UPDATE CURRENT_TIMESTAMP
) ENGINE=InnoDB DEFAULT CHARSET=utf8mb4 COLLATE utf8mb4_unicode_ci;

CREATE TABLE `combos` (
  `combo_id` INT AUTO_INCREMENT PRIMARY KEY,
  `title` VARCHAR(200) NOT NULL,
  `description` TEXT DEFAULT NULL,
  `price` DECIMAL(10,2) DEFAULT NULL,
  `is_active` TINYINT(1) NOT NULL DEFAULT 1,
  `created_at` DATETIME NOT NULL DEFAULT CURRENT_TIMESTAMP,
  `updated_at` DATETIME NOT NULL DEFAULT CURRENT_TIMESTAMP ON UPDATE CURRENT_TIMESTAMP
) ENGINE=InnoDB DEFAULT CHARSET=utf8mb4 COLLATE utf8mb4_unicode_ci;

CREATE TABLE `combo_items` (
  `combo_item_id` INT AUTO_INCREMENT PRIMARY KEY,
  `combo_id` INT NOT NULL,
  `item_key` VARCHAR(50) NOT NULL,
  `created_at` DATETIME NOT NULL DEFAULT CURRENT_TIMESTAMP,
  FOREIGN KEY (`combo_id`) REFERENCES `combos`(`combo_id`) ON DELETE CASCADE
) ENGINE=InnoDB DEFAULT CHARSET=utf8mb4 COLLATE utf8mb4_unicode_ci;

CREATE TABLE `custom_dishes` (
  `custom_dish_id` INT AUTO_INCREMENT PRIMARY KEY,
  `category_id` INT NOT NULL,
  `name` VARCHAR(200) NOT NULL,
  `description` TEXT DEFAULT NULL,
  `ingredients` TEXT DEFAULT NULL,
  `portion` VARCHAR(100) DEFAULT NULL,
  `price` DECIMAL(10,2) NOT NULL DEFAULT 0.00,
  `model_path` VARCHAR(255) DEFAULT NULL,
  `is_available` TINYINT(1) NOT NULL DEFAULT 1,
  `created_at` DATETIME NOT NULL DEFAULT CURRENT_TIMESTAMP,
  `updated_at` DATETIME NOT NULL DEFAULT CURRENT_TIMESTAMP ON UPDATE CURRENT_TIMESTAMP,
  FOREIGN KEY (`category_id`) REFERENCES `menu_categories`(`category_id`) ON DELETE CASCADE
) ENGINE=InnoDB DEFAULT CHARSET=utf8mb4 COLLATE utf8mb4_unicode_ci;

CREATE TABLE `menu_categories` (
  `category_id` INT AUTO_INCREMENT PRIMARY KEY,
  `category_key` VARCHAR(50) NOT NULL UNIQUE,
  `name` VARCHAR(100) NOT NULL,
  `description` TEXT DEFAULT NULL,
  `accent_color` VARCHAR(50) DEFAULT NULL,
  `icon` VARCHAR(50) DEFAULT NULL,
  `sort_order` INT NOT NULL DEFAULT 0,
  `created_at` DATETIME NOT NULL DEFAULT CURRENT_TIMESTAMP,
  `updated_at` DATETIME NOT NULL DEFAULT CURRENT_TIMESTAMP ON UPDATE CURRENT_TIMESTAMP
) ENGINE=InnoDB DEFAULT CHARSET=utf8mb4 COLLATE=utf8mb4_unicode_ci;

CREATE TABLE `menu_items` (
  `item_id` INT AUTO_INCREMENT PRIMARY KEY,
  `category_id` INT NOT NULL,
  `item_key` VARCHAR(50) NOT NULL UNIQUE,
  `name` VARCHAR(200) NOT NULL,
  `description` TEXT DEFAULT NULL,
  `ingredients` TEXT DEFAULT NULL,
  `portion` VARCHAR(100) DEFAULT NULL,
  `price` DECIMAL(10,2) NOT NULL DEFAULT 0.00,
  `model_path` VARCHAR(255) DEFAULT NULL,
  `is_available` TINYINT(1) NOT NULL DEFAULT 1,
  `is_popular` TINYINT(1) NOT NULL DEFAULT 0,
  `is_chef_recommendation` TINYINT(1) NOT NULL DEFAULT 0,
  `created_at` DATETIME NOT NULL DEFAULT CURRENT_TIMESTAMP,
  `updated_at` DATETIME NOT NULL DEFAULT CURRENT_TIMESTAMP ON UPDATE CURRENT_TIMESTAMP,
  FOREIGN KEY (`category_id`) REFERENCES `menu_categories`(`category_id`) ON DELETE CASCADE
) ENGINE=InnoDB DEFAULT CHARSET=utf8mb4 COLLATE=utf8mb4_unicode_ci;

INSERT INTO `menu_categories` (`category_id`,`category_key`,`name`,`description`,`accent_color`,`icon`,`sort_order`) VALUES (1, 'entradas', 'Entradas', 'Aperitivos para compartir y abrir el apetito', 'maroon', 'cup', 1);
INSERT INTO `menu_categories` (`category_id`,`category_key`,`name`,`description`,`accent_color`,`icon`,`sort_order`) VALUES (2, 'criollo', 'Criollo Colombiano', 'Tradición colombiana en cada plato', 'maroon', 'fork', 2);
INSERT INTO `menu_categories` (`category_id`,`category_key`,`name`,`description`,`accent_color`,`icon`,`sort_order`) VALUES (3, 'porciones', 'Porciones', 'Acompañamientos adicionales', 'green', 'cup', 3);
INSERT INTO `menu_categories` (`category_id`,`category_key`,`name`,`description`,`accent_color`,`icon`,`sort_order`) VALUES (4, 'saludable', 'Saludable', 'Opciones ligeras y nutritivas', 'green', 'heart', 4);
INSERT INTO `menu_categories` (`category_id`,`category_key`,`name`,`description`,`accent_color`,`icon`,`sort_order`) VALUES (5, 'pollo', 'Pollo', 'Exquisitas preparaciones de pollo', 'maroon', 'fork', 5);
INSERT INTO `menu_categories` (`category_id`,`category_key`,`name`,`description`,`accent_color`,`icon`,`sort_order`) VALUES (6, 'res', 'Res', 'Cortes selectos de res a la parrilla', 'maroon', 'flame', 6);
INSERT INTO `menu_categories` (`category_id`,`category_key`,`name`,`description`,`accent_color`,`icon`,`sort_order`) VALUES (7, 'cerdo', 'Cerdo', 'Jugosos cortes de cerdo', 'maroon', 'forkx', 7);
INSERT INTO `menu_categories` (`category_id`,`category_key`,`name`,`description`,`accent_color`,`icon`,`sort_order`) VALUES (8, 'pescados', 'Pescados', 'Lo mejor del mar y la rivera', 'green', 'boat', 8);
INSERT INTO `menu_categories` (`category_id`,`category_key`,`name`,`description`,`accent_color`,`icon`,`sort_order`) VALUES (9, 'gourmet', 'Especiales Gourmet', 'Especialidades de autor', 'gold', 'crown', 9);
INSERT INTO `menu_categories` (`category_id`,`category_key`,`name`,`description`,`accent_color`,`icon`,`sort_order`) VALUES (10, 'cazuelas', 'Cazuelas', 'Cazuelas gratinadas llenas de sabor', 'gold', 'cup', 10);
INSERT INTO `menu_categories` (`category_id`,`category_key`,`name`,`description`,`accent_color`,`icon`,`sort_order`) VALUES (11, 'arroces', 'Arroces', 'Arroces y risottos de la casa', 'gold', 'forkx', 11);
INSERT INTO `menu_categories` (`category_id`,`category_key`,`name`,`description`,`accent_color`,`icon`,`sort_order`) VALUES (12, 'pasta', 'Pasta', 'Pastas italianas con sabor local', 'gold', 'cup', 12);
INSERT INTO `menu_categories` (`category_id`,`category_key`,`name`,`description`,`accent_color`,`icon`,`sort_order`) VALUES (13, 'crepes', 'Crepes Gratinados', 'Crepes gratinados al horno', 'green', 'layers', 13);
INSERT INTO `menu_categories` (`category_id`,`category_key`,`name`,`description`,`accent_color`,`icon`,`sort_order`) VALUES (14, 'lasagna', 'Lasagna', 'Lasagna italiana al horno', 'green', 'cake', 14);
INSERT INTO `menu_categories` (`category_id`,`category_key`,`name`,`description`,`accent_color`,`icon`,`sort_order`) VALUES (15, 'patakolo', 'Patakolos', 'La especialidad de la casa', 'maroon', 'star', 15);
INSERT INTO `menu_categories` (`category_id`,`category_key`,`name`,`description`,`accent_color`,`icon`,`sort_order`) VALUES (16, 'infantil', 'Menú Infantil', 'Opciones especiales para los pequeños', 'green', 'smile', 16);
INSERT INTO `menu_categories` (`category_id`,`category_key`,`name`,`description`,`accent_color`,`icon`,`sort_order`) VALUES (17, 'bebidas', 'Bebidas', 'Bebidas refrescantes y cocteles', 'green', 'glass', 17);
INSERT INTO `menu_categories` (`category_id`,`category_key`,`name`,`description`,`accent_color`,`icon`,`sort_order`) VALUES (18, 'postres', 'Postres', 'Dulces tentaciones para cerrar', 'gold', 'cake', 18);

INSERT INTO `menu_items` (`category_id`,`item_key`,`name`,`description`,`ingredients`,`portion`,`price`,`model_path`,`is_available`,`is_popular`,`is_chef_recommendation`) VALUES (1, 'e1', 'Ceviche de Chinchulines', 'Chinchulines crocantes, salsa cítrica de la casa', 'Chinchulines crocantes, salsa cítrica de la casa', NULL, 20000.00, '../modelos 3D/ceviche-de-chinchulines.glb', 1, 0, 0);
INSERT INTO `menu_items` (`category_id`,`item_key`,`name`,`description`,`ingredients`,`portion`,`price`,`model_path`,`is_available`,`is_popular`,`is_chef_recommendation`) VALUES (1, 'e2', 'Mini Juanvalerio y Guacamole', 'Patacón mini, carne y pollo desmechado, guacamole', 'Patacón mini, carne y pollo desmechado, guacamole', NULL, 15000.00, '../modelos 3D/mini-juanvalerio-y-guacamole.glb', 1, 0, 0);
INSERT INTO `menu_items` (`category_id`,`item_key`,`name`,`description`,`ingredients`,`portion`,`price`,`model_path`,`is_available`,`is_popular`,`is_chef_recommendation`) VALUES (1, 'e3', 'Arepa de Chócolo Ropa Vieja - Queso', 'Arepa de chócolo, ropa vieja, queso fundido', 'Arepa de chócolo, ropa vieja, queso fundido', NULL, 18000.00, '../modelos 3D/arepa-de-chocolo-ropa-vieja-queso.glb', 1, 0, 0);
INSERT INTO `menu_items` (`category_id`,`item_key`,`name`,`description`,`ingredients`,`portion`,`price`,`model_path`,`is_available`,`is_popular`,`is_chef_recommendation`) VALUES (1, 'e4', 'Patacones con Hogao o Suero Costeño', 'Patacones crocantes, hogao casero o suero costeño', 'Patacones crocantes, hogao casero o suero costeño', NULL, 15000.00, '../modelos 3D/patacones-con-hogao-o-suero-costeno.glb', 1, 0, 0);
INSERT INTO `menu_items` (`category_id`,`item_key`,`name`,`description`,`ingredients`,`portion`,`price`,`model_path`,`is_available`,`is_popular`,`is_chef_recommendation`) VALUES (1, 'e5', 'Maduro con Queso y Crema de Leche', 'Maduro asado, queso, crema de leche', 'Maduro asado, queso, crema de leche', NULL, 17000.00, '../modelos 3D/maduro-con-queso-y-crema-de-leche.glb', 1, 0, 0);
INSERT INTO `menu_items` (`category_id`,`item_key`,`name`,`description`,`ingredients`,`portion`,`price`,`model_path`,`is_available`,`is_popular`,`is_chef_recommendation`) VALUES (1, 'e6', 'Empanadas de Pipián', '8 unidades, relleno de pipián', '8 unidades, relleno de pipián', NULL, 12000.00, '../modelos 3D/empanadas-de-pipian.glb', 1, 0, 0);
INSERT INTO `menu_items` (`category_id`,`item_key`,`name`,`description`,`ingredients`,`portion`,`price`,`model_path`,`is_available`,`is_popular`,`is_chef_recommendation`) VALUES (1, 'e7', 'Crocante Chunchullada', 'Chunchullo crocante', 'Chunchullo crocante', NULL, 20000.00, '../modelos 3D/crocante-chunchullada.glb', 1, 0, 0);
INSERT INTO `menu_items` (`category_id`,`item_key`,`name`,`description`,`ingredients`,`portion`,`price`,`model_path`,`is_available`,`is_popular`,`is_chef_recommendation`) VALUES (1, 'e8', 'Crocante de Chicharrones', '250 g de chicharrón crocante', '250 g de chicharrón crocante', NULL, 22000.00, '../modelos 3D/crocante-de-chicharrones.glb', 1, 0, 0);
INSERT INTO `menu_items` (`category_id`,`item_key`,`name`,`description`,`ingredients`,`portion`,`price`,`model_path`,`is_available`,`is_popular`,`is_chef_recommendation`) VALUES (1, 'e9', 'Chorizo Santarrosano', '2 unidades', '2 unidades', NULL, 17000.00, '../modelos 3D/chorizo-santarrosano.glb', 1, 0, 0);
INSERT INTO `menu_items` (`category_id`,`item_key`,`name`,`description`,`ingredients`,`portion`,`price`,`model_path`,`is_available`,`is_popular`,`is_chef_recommendation`) VALUES (1, 'e10', 'Mazamorra con Leche y Panela', 'Mazamorra tradicional, leche, panela', 'Mazamorra tradicional, leche, panela', NULL, 10000.00, '../modelos 3D/mazamorra-con-leche-y-panela.glb', 1, 0, 0);
INSERT INTO `menu_items` (`category_id`,`item_key`,`name`,`description`,`ingredients`,`portion`,`price`,`model_path`,`is_available`,`is_popular`,`is_chef_recommendation`) VALUES (1, 'e11', 'Sopa del Día', 'Consulta la preparación con tu mesero', 'Consulta la preparación con tu mesero', NULL, 6000.00, '../modelos 3D/sopa-del-dia.glb', 1, 0, 0);
INSERT INTO `menu_items` (`category_id`,`item_key`,`name`,`description`,`ingredients`,`portion`,`price`,`model_path`,`is_available`,`is_popular`,`is_chef_recommendation`) VALUES (2, 'cr1', 'Sudado Mixto de Cola y Murillo', 'Arroz, papa, yuca, mazorca, aguacate', 'Arroz, papa, yuca, mazorca, aguacate', NULL, 49000.00, '../modelos 3D/sudado-mixto-de-cola-y-murillo.glb', 1, 0, 0);
INSERT INTO `menu_items` (`category_id`,`item_key`,`name`,`description`,`ingredients`,`portion`,`price`,`model_path`,`is_available`,`is_popular`,`is_chef_recommendation`) VALUES (2, 'cr2', 'Sobrebarriga en sus Jugos a la Parrilla', 'Papa criolla, maduro, guacamole', 'Papa criolla, maduro, guacamole', NULL, 48000.00, '../modelos 3D/sobrebarriga-en-sus-jugos-a-la-parrilla.glb', 1, 0, 0);
INSERT INTO `menu_items` (`category_id`,`item_key`,`name`,`description`,`ingredients`,`portion`,`price`,`model_path`,`is_available`,`is_popular`,`is_chef_recommendation`) VALUES (2, 'cr3', 'Sobrebarriga en Salsa Criolla', 'Arroz, patacón', 'Arroz, patacón', NULL, 48000.00, '../modelos 3D/sobrebarriga-en-salsa-criolla.glb', 1, 0, 0);
INSERT INTO `menu_items` (`category_id`,`item_key`,`name`,`description`,`ingredients`,`portion`,`price`,`model_path`,`is_available`,`is_popular`,`is_chef_recommendation`) VALUES (2, 'cr4', 'Ubre al Carbón', 'Papa criolla, maduro, ensalada, ají casero', 'Papa criolla, maduro, ensalada, ají casero', NULL, 48000.00, '../modelos 3D/ubre-al-carbon.glb', 1, 0, 0);
INSERT INTO `menu_items` (`category_id`,`item_key`,`name`,`description`,`ingredients`,`portion`,`price`,`model_path`,`is_available`,`is_popular`,`is_chef_recommendation`) VALUES (2, 'cr5', 'Lengua Criolla', 'Papa francesa, arroz', 'Papa francesa, arroz', NULL, 48000.00, '../modelos 3D/lengua-criolla.glb', 1, 0, 0);
INSERT INTO `menu_items` (`category_id`,`item_key`,`name`,`description`,`ingredients`,`portion`,`price`,`model_path`,`is_available`,`is_popular`,`is_chef_recommendation`) VALUES (2, 'cr6', 'Lengua en Champiñones', 'Papa francesa, arroz', 'Papa francesa, arroz', NULL, 48000.00, '../modelos 3D/lengua-en-champinones.glb', 1, 0, 0);
INSERT INTO `menu_items` (`category_id`,`item_key`,`name`,`description`,`ingredients`,`portion`,`price`,`model_path`,`is_available`,`is_popular`,`is_chef_recommendation`) VALUES (2, 'cr7', 'Parrillada Mixta de Carnes', 'Sobrebarriga, morcilla, ubre, costilla de cerdo, chorizo santarrosano, chunchullo, papa criolla, torta, patacón, ensalada, ají casero', 'Sobrebarriga, morcilla, ubre, costilla de cerdo, chorizo santarrosano, chunchullo, papa criolla, torta, patacón, ensalada, ají casero', '2 personas', 68000.00, '../modelos 3D/parrillada-mixta-de-carnes.glb', 1, 0, 0);
INSERT INTO `menu_items` (`category_id`,`item_key`,`name`,`description`,`ingredients`,`portion`,`price`,`model_path`,`is_available`,`is_popular`,`is_chef_recommendation`) VALUES (2, 'cr8', '5 Carnes Criollo', 'Churrasquillo, costilla de cerdo, sobrebarriga, torta, papa criolla, patacón, ensalada', 'Churrasquillo, costilla de cerdo, sobrebarriga, torta, papa criolla, patacón, ensalada', NULL, 58000.00, '../modelos 3D/5-carnes-criollo.glb', 1, 0, 0);
INSERT INTO `menu_items` (`category_id`,`item_key`,`name`,`description`,`ingredients`,`portion`,`price`,`model_path`,`is_available`,`is_popular`,`is_chef_recommendation`) VALUES (2, 'cr9', 'Bandeja Campesina', 'Frijol, arroz, huevo, chicharrón, chorizo, maduro, aguacate', 'Frijol, arroz, huevo, chicharrón, chorizo, maduro, aguacate', NULL, 42000.00, '../modelos 3D/bandeja-campesina.glb', 1, 0, 0);
INSERT INTO `menu_items` (`category_id`,`item_key`,`name`,`description`,`ingredients`,`portion`,`price`,`model_path`,`is_available`,`is_popular`,`is_chef_recommendation`) VALUES (3, 'po1', 'Papa Francesa', 'Porción adicional', 'Porción adicional', NULL, 6000.00, '../modelos 3D/papa-francesa.glb', 1, 0, 0);
INSERT INTO `menu_items` (`category_id`,`item_key`,`name`,`description`,`ingredients`,`portion`,`price`,`model_path`,`is_available`,`is_popular`,`is_chef_recommendation`) VALUES (3, 'po2', 'Arroz', 'Porción adicional', 'Porción adicional', NULL, 4000.00, '../modelos 3D/arroz.glb', 1, 0, 0);
INSERT INTO `menu_items` (`category_id`,`item_key`,`name`,`description`,`ingredients`,`portion`,`price`,`model_path`,`is_available`,`is_popular`,`is_chef_recommendation`) VALUES (3, 'po3', 'Ensalada', 'Porción adicional', 'Porción adicional', NULL, 4000.00, '../modelos 3D/ensalada.glb', 1, 0, 0);
INSERT INTO `menu_items` (`category_id`,`item_key`,`name`,`description`,`ingredients`,`portion`,`price`,`model_path`,`is_available`,`is_popular`,`is_chef_recommendation`) VALUES (3, 'po4', 'Torta', 'Porción adicional', 'Porción adicional', NULL, 4000.00, '../modelos 3D/torta.glb', 1, 0, 0);
INSERT INTO `menu_items` (`category_id`,`item_key`,`name`,`description`,`ingredients`,`portion`,`price`,`model_path`,`is_available`,`is_popular`,`is_chef_recommendation`) VALUES (4, 'sa1', 'Wrap de Pollo', 'Tortilla, lomito de pollo grille, lechuga, tomate, aguacate, vinagreta de la casa', 'Tortilla, lomito de pollo grille, lechuga, tomate, aguacate, vinagreta de la casa', NULL, 26000.00, '../modelos 3D/wrap-de-pollo.glb', 1, 0, 0);
INSERT INTO `menu_items` (`category_id`,`item_key`,`name`,`description`,`ingredients`,`portion`,`price`,`model_path`,`is_available`,`is_popular`,`is_chef_recommendation`) VALUES (4, 'sa2', 'Ensalada San Joaquín', '200 g de camarón tigre, lechuga, tomate cherry confitados, aguacate, cilantro, albaca, piña caramelizada, frutos secos, parmesano, vinagreta de tamarindo', '200 g de camarón tigre, lechuga, tomate cherry confitados, aguacate, cilantro, albaca, piña caramelizada, frutos secos, parmesano, vinagreta de tamarindo', NULL, 36000.00, '../modelos 3D/ensalada-san-joaquin.glb', 1, 0, 0);
INSERT INTO `menu_items` (`category_id`,`item_key`,`name`,`description`,`ingredients`,`portion`,`price`,`model_path`,`is_available`,`is_popular`,`is_chef_recommendation`) VALUES (4, 'sa3', 'Ensalada César', '200 g de crocante de pechuga en julianas, lechuga, cilantro, parmesano, tomate cherry confitados, frutos secos, crutones de pan focaccia, queso asado, aderezo', '200 g de crocante de pechuga en julianas, lechuga, cilantro, parmesano, tomate cherry confitados, frutos secos, crutones de pan focaccia, queso asado, aderezo', NULL, 32000.00, '../modelos 3D/ensalada-cesar.glb', 1, 0, 0);
INSERT INTO `menu_items` (`category_id`,`item_key`,`name`,`description`,`ingredients`,`portion`,`price`,`model_path`,`is_available`,`is_popular`,`is_chef_recommendation`) VALUES (5, 'pl1', 'Pollo Maizal Tradicional', 'Julianas de pechuga a la miel mostaza, crutones de queso asado, queso búfala, maíz tierno, montada sobre arepa de chócolo y queso fundido, papa francesa', 'Julianas de pechuga a la miel mostaza, crutones de queso asado, queso búfala, maíz tierno, montada sobre arepa de chócolo y queso fundido, papa francesa', NULL, 42000.00, '../modelos 3D/pollo-maizal-tradicional.glb', 1, 0, 0);
INSERT INTO `menu_items` (`category_id`,`item_key`,`name`,`description`,`ingredients`,`portion`,`price`,`model_path`,`is_available`,`is_popular`,`is_chef_recommendation`) VALUES (5, 'pl2', 'Pollo Maizal Brutal', 'Camarón apanado, julianas de pechuga a la miel mostaza, crutones de queso asado, queso búfala, maíz tierno, montada sobre arepa de chócolo y queso fundido, papa francesa', 'Camarón apanado, julianas de pechuga a la miel mostaza, crutones de queso asado, queso búfala, maíz tierno, montada sobre arepa de chócolo y queso fundido, papa francesa', NULL, 48000.00, '../modelos 3D/pollo-maizal-brutal.glb', 1, 0, 0);
INSERT INTO `menu_items` (`category_id`,`item_key`,`name`,`description`,`ingredients`,`portion`,`price`,`model_path`,`is_available`,`is_popular`,`is_chef_recommendation`) VALUES (5, 'pl3', 'Churrasco de Pollo', 'Dos pernejiles de pollo deshuesados, chimichurri, papa criolla, ensalada', 'Dos pernejiles de pollo deshuesados, chimichurri, papa criolla, ensalada', NULL, 39000.00, '../modelos 3D/churrasco-de-pollo.glb', 1, 0, 0);
INSERT INTO `menu_items` (`category_id`,`item_key`,`name`,`description`,`ingredients`,`portion`,`price`,`model_path`,`is_available`,`is_popular`,`is_chef_recommendation`) VALUES (5, 'pl4', 'Pechuga Mix de Frutas Gratinada', 'Frutas en almíbar, papa francesa, arroz', 'Frutas en almíbar, papa francesa, arroz', NULL, 42000.00, '../modelos 3D/pechuga-mix-de-frutas-gratinada.glb', 1, 0, 0);
INSERT INTO `menu_items` (`category_id`,`item_key`,`name`,`description`,`ingredients`,`portion`,`price`,`model_path`,`is_available`,`is_popular`,`is_chef_recommendation`) VALUES (5, 'pl5', 'Pechuga Maduro Gratinada', 'Papa francesa, arroz', 'Papa francesa, arroz', NULL, 42000.00, '../modelos 3D/pechuga-maduro-gratinada.glb', 1, 0, 0);
INSERT INTO `menu_items` (`category_id`,`item_key`,`name`,`description`,`ingredients`,`portion`,`price`,`model_path`,`is_available`,`is_popular`,`is_chef_recommendation`) VALUES (5, 'pl6', 'Pechuga Champiñón', 'Papa francesa, arroz', 'Papa francesa, arroz', NULL, 42000.00, '../modelos 3D/pechuga-champinon.glb', 1, 0, 0);
INSERT INTO `menu_items` (`category_id`,`item_key`,`name`,`description`,`ingredients`,`portion`,`price`,`model_path`,`is_available`,`is_popular`,`is_chef_recommendation`) VALUES (5, 'pl7', 'Pechuga Parrilla', 'Papa francesa, torta, ensalada', 'Papa francesa, torta, ensalada', NULL, 40000.00, '../modelos 3D/pechuga-parrilla.glb', 1, 0, 0);
INSERT INTO `menu_items` (`category_id`,`item_key`,`name`,`description`,`ingredients`,`portion`,`price`,`model_path`,`is_available`,`is_popular`,`is_chef_recommendation`) VALUES (6, 're1', 'Lomito Salteado, Camarón y Vegetales', 'Papa francesa', 'Papa francesa', NULL, 55000.00, '../modelos 3D/lomito-salteado-camaron-y-vegetales.glb', 1, 0, 0);
INSERT INTO `menu_items` (`category_id`,`item_key`,`name`,`description`,`ingredients`,`portion`,`price`,`model_path`,`is_available`,`is_popular`,`is_chef_recommendation`) VALUES (6, 're2', 'Baby Beef', 'Corte tierno derivado del lomito, papa francesa, chimichurri, ensalada', 'Corte tierno derivado del lomito, papa francesa, chimichurri, ensalada', NULL, 54000.00, '../modelos 3D/baby-beef.glb', 1, 0, 0);
INSERT INTO `menu_items` (`category_id`,`item_key`,`name`,`description`,`ingredients`,`portion`,`price`,`model_path`,`is_available`,`is_popular`,`is_chef_recommendation`) VALUES (6, 're3', 'Lomito Piazzola', 'Corte de lomito bañado con salsa piazzola, queso mozzarella, rodajas de tomate, arroz, papa francesa', 'Corte de lomito bañado con salsa piazzola, queso mozzarella, rodajas de tomate, arroz, papa francesa', NULL, 55000.00, '../modelos 3D/lomito-piazzola.glb', 1, 0, 0);
INSERT INTO `menu_items` (`category_id`,`item_key`,`name`,`description`,`ingredients`,`portion`,`price`,`model_path`,`is_available`,`is_popular`,`is_chef_recommendation`) VALUES (6, 're4', 'Churrasco Parrilla en Salsa con Camarón', 'Arroz, papa francesa', 'Arroz, papa francesa', NULL, 59000.00, '../modelos 3D/churrasco-parrilla-en-salsa-con-camaron.glb', 1, 0, 0);
INSERT INTO `menu_items` (`category_id`,`item_key`,`name`,`description`,`ingredients`,`portion`,`price`,`model_path`,`is_available`,`is_popular`,`is_chef_recommendation`) VALUES (6, 're5', 'Filet Mignón', 'Medallones de lomito, tocineta, montados en puré de papa, bañados en salsa champiñón, arroz', 'Medallones de lomito, tocineta, montados en puré de papa, bañados en salsa champiñón, arroz', NULL, 58000.00, '../modelos 3D/filet-mignon.glb', 1, 0, 0);
INSERT INTO `menu_items` (`category_id`,`item_key`,`name`,`description`,`ingredients`,`portion`,`price`,`model_path`,`is_available`,`is_popular`,`is_chef_recommendation`) VALUES (6, 're6', 'Blue Cheese', 'Medallones de lomito, montados en puré de plátano maduro, bañado en salsa tres quesos, vegetales salteados', 'Medallones de lomito, montados en puré de plátano maduro, bañado en salsa tres quesos, vegetales salteados', NULL, 58000.00, '../modelos 3D/blue-cheese.glb', 1, 0, 0);
INSERT INTO `menu_items` (`category_id`,`item_key`,`name`,`description`,`ingredients`,`portion`,`price`,`model_path`,`is_available`,`is_popular`,`is_chef_recommendation`) VALUES (6, 're7', 'Solomito Cheddar', 'Medallones de lomito, con queso cheddar, crocante tocineta, papa francesa', 'Medallones de lomito, con queso cheddar, crocante tocineta, papa francesa', NULL, 59000.00, '../modelos 3D/solomito-cheddar.glb', 1, 0, 0);
INSERT INTO `menu_items` (`category_id`,`item_key`,`name`,`description`,`ingredients`,`portion`,`price`,`model_path`,`is_available`,`is_popular`,`is_chef_recommendation`) VALUES (6, 're8', 'Punta de Anca Parrilla', 'Corte tradicional del anca, papa criolla, maduro, ensalada, chimichurri', 'Corte tradicional del anca, papa criolla, maduro, ensalada, chimichurri', NULL, 54000.00, '../modelos 3D/punta-de-anca-parrilla.glb', 1, 0, 0);
INSERT INTO `menu_items` (`category_id`,`item_key`,`name`,`description`,`ingredients`,`portion`,`price`,`model_path`,`is_available`,`is_popular`,`is_chef_recommendation`) VALUES (6, 're9', 'Churrasco Parrilla', 'Papa criolla, torta, ensalada, chimichurri', 'Papa criolla, torta, ensalada, chimichurri', NULL, 47000.00, '../modelos 3D/churrasco-parrilla.glb', 1, 0, 0);
INSERT INTO `menu_items` (`category_id`,`item_key`,`name`,`description`,`ingredients`,`portion`,`price`,`model_path`,`is_available`,`is_popular`,`is_chef_recommendation`) VALUES (6, 're10', 'Churrasco Parrilla Encebollado', 'Papa criolla, torta, ensalada', 'Papa criolla, torta, ensalada', NULL, 47000.00, '../modelos 3D/churrasco-parrilla-encebollado.glb', 1, 0, 0);
INSERT INTO `menu_items` (`category_id`,`item_key`,`name`,`description`,`ingredients`,`portion`,`price`,`model_path`,`is_available`,`is_popular`,`is_chef_recommendation`) VALUES (6, 're11', 'Churrasco Parrilla Encebollado a Caballo', 'Papa criolla, torta, dos huevos fritos, ensalada', 'Papa criolla, torta, dos huevos fritos, ensalada', NULL, 49000.00, '../modelos 3D/churrasco-parrilla-encebollado-a-caballo.glb', 1, 0, 0);
INSERT INTO `menu_items` (`category_id`,`item_key`,`name`,`description`,`ingredients`,`portion`,`price`,`model_path`,`is_available`,`is_popular`,`is_chef_recommendation`) VALUES (6, 're12', 'Picaña Mixta', 'Pollo, res, cerdo, chicharrón, costilla de cerdo, butifarra, chorizo vara, chorizo, papa criolla, 3 empanadas, mini juanvalerio, patacón, ají, guacamole', 'Pollo, res, cerdo, chicharrón, costilla de cerdo, butifarra, chorizo vara, chorizo, papa criolla, 3 empanadas, mini juanvalerio, patacón, ají, guacamole', '3 personas', 88000.00, '../modelos 3D/picana-mixta.glb', 1, 0, 0);
INSERT INTO `menu_items` (`category_id`,`item_key`,`name`,`description`,`ingredients`,`portion`,`price`,`model_path`,`is_available`,`is_popular`,`is_chef_recommendation`) VALUES (7, 'ce1', 'Crocante Costichic', 'Costilla carnuda con piel, yuca al vapor, maduro, guacamole', 'Costilla carnuda con piel, yuca al vapor, maduro, guacamole', NULL, 47000.00, '../modelos 3D/crocante-costichic.glb', 1, 0, 0);
INSERT INTO `menu_items` (`category_id`,`item_key`,`name`,`description`,`ingredients`,`portion`,`price`,`model_path`,`is_available`,`is_popular`,`is_chef_recommendation`) VALUES (7, 'ce2', 'Panceta Crocante Carnuda', 'Yuca al vapor, maduro, guacamole', 'Yuca al vapor, maduro, guacamole', NULL, 47000.00, '../modelos 3D/panceta-crocante-carnuda.glb', 1, 0, 0);
INSERT INTO `menu_items` (`category_id`,`item_key`,`name`,`description`,`ingredients`,`portion`,`price`,`model_path`,`is_available`,`is_popular`,`is_chef_recommendation`) VALUES (7, 'ce3', 'Chuleta Valluna', 'Papa francesa, ensalada, maduro, salsa de ajo', 'Papa francesa, ensalada, maduro, salsa de ajo', NULL, 42000.00, '../modelos 3D/chuleta-valluna.glb', 1, 0, 0);
INSERT INTO `menu_items` (`category_id`,`item_key`,`name`,`description`,`ingredients`,`portion`,`price`,`model_path`,`is_available`,`is_popular`,`is_chef_recommendation`) VALUES (7, 'ce4', 'Costillas San Joaquín', 'Rack de costilla horneado en salsa BBQ de la casa, montañas de puré de papa, vegetales salteados', 'Rack de costilla horneado en salsa BBQ de la casa, montañas de puré de papa, vegetales salteados', NULL, 56000.00, '../modelos 3D/costillas-san-joaquin.glb', 1, 0, 0);
INSERT INTO `menu_items` (`category_id`,`item_key`,`name`,`description`,`ingredients`,`portion`,`price`,`model_path`,`is_available`,`is_popular`,`is_chef_recommendation`) VALUES (7, 'ce5', 'Costillas Ahumadas con Salsa BBQ', 'Papa francesa, torta, ensalada', 'Papa francesa, torta, ensalada', NULL, 43000.00, '../modelos 3D/costillas-ahumadas-con-salsa-bbq.glb', 1, 0, 0);
INSERT INTO `menu_items` (`category_id`,`item_key`,`name`,`description`,`ingredients`,`portion`,`price`,`model_path`,`is_available`,`is_popular`,`is_chef_recommendation`) VALUES (7, 'ce6', 'Lomo a la Parrilla', 'Papa criolla, torta, ensalada, chimichurri', 'Papa criolla, torta, ensalada, chimichurri', NULL, 39000.00, '../modelos 3D/lomo-a-la-parrilla.glb', 1, 0, 0);
INSERT INTO `menu_items` (`category_id`,`item_key`,`name`,`description`,`ingredients`,`portion`,`price`,`model_path`,`is_available`,`is_popular`,`is_chef_recommendation`) VALUES (7, 'ce7', 'Lomo Champiñón', 'Papa francesa, arroz', 'Papa francesa, arroz', NULL, 43000.00, '../modelos 3D/lomo-champinon.glb', 1, 0, 0);
INSERT INTO `menu_items` (`category_id`,`item_key`,`name`,`description`,`ingredients`,`portion`,`price`,`model_path`,`is_available`,`is_popular`,`is_chef_recommendation`) VALUES (7, 'ce8', 'Lomo Mix de Frutas Gratinado', 'Frutas en almíbar, papa rústica rizada, arroz', 'Frutas en almíbar, papa rústica rizada, arroz', NULL, 43000.00, '../modelos 3D/lomo-mix-de-frutas-gratinado.glb', 1, 0, 0);
INSERT INTO `menu_items` (`category_id`,`item_key`,`name`,`description`,`ingredients`,`portion`,`price`,`model_path`,`is_available`,`is_popular`,`is_chef_recommendation`) VALUES (7, 'ce9', 'Lomo Maduro Gratinado', 'Papa francesa, arroz', 'Papa francesa, arroz', NULL, 43000.00, '../modelos 3D/lomo-maduro-gratinado.glb', 1, 0, 0);
INSERT INTO `menu_items` (`category_id`,`item_key`,`name`,`description`,`ingredients`,`portion`,`price`,`model_path`,`is_available`,`is_popular`,`is_chef_recommendation`) VALUES (7, 'ce10', 'Lomo Gratinado + Mermelada Tocineta', 'Papa francesa, arroz', 'Papa francesa, arroz', NULL, 43000.00, '../modelos 3D/lomo-gratinado-mermelada-tocineta.glb', 1, 0, 0);
INSERT INTO `menu_items` (`category_id`,`item_key`,`name`,`description`,`ingredients`,`portion`,`price`,`model_path`,`is_available`,`is_popular`,`is_chef_recommendation`) VALUES (8, 'pz1', 'Mar y Tierra', 'Porción de ceviche de camarón, salmón a la parrilla, medallón de lomito filet mignon, pechuga mix de frutas gratinada, arroz, papa francesa', 'Porción de ceviche de camarón, salmón a la parrilla, medallón de lomito filet mignon, pechuga mix de frutas gratinada, arroz, papa francesa', NULL, 75000.00, '../modelos 3D/mar-y-tierra.glb', 1, 0, 0);
INSERT INTO `menu_items` (`category_id`,`item_key`,`name`,`description`,`ingredients`,`portion`,`price`,`model_path`,`is_available`,`is_popular`,`is_chef_recommendation`) VALUES (8, 'pz2', 'Ceviche Camarón', 'Chips de plátano', 'Chips de plátano', NULL, 38000.00, '../modelos 3D/ceviche-camaron.glb', 1, 0, 0);
INSERT INTO `menu_items` (`category_id`,`item_key`,`name`,`description`,`ingredients`,`portion`,`price`,`model_path`,`is_available`,`is_popular`,`is_chef_recommendation`) VALUES (8, 'pz3', 'Trucha en Salsa y Camarón', 'Papa francesa, ensalada, tártara', 'Papa francesa, ensalada, tártara', NULL, 48000.00, '../modelos 3D/trucha-en-salsa-y-camaron.glb', 1, 0, 0);
INSERT INTO `menu_items` (`category_id`,`item_key`,`name`,`description`,`ingredients`,`portion`,`price`,`model_path`,`is_available`,`is_popular`,`is_chef_recommendation`) VALUES (8, 'pz4', 'Trucha Ahumada', 'Papa francesa, ensalada, tártara', 'Papa francesa, ensalada, tártara', NULL, 43000.00, '../modelos 3D/trucha-ahumada.glb', 1, 0, 0);
INSERT INTO `menu_items` (`category_id`,`item_key`,`name`,`description`,`ingredients`,`portion`,`price`,`model_path`,`is_available`,`is_popular`,`is_chef_recommendation`) VALUES (8, 'pz5', 'Trucha Parrilla', 'Papa francesa, ensalada', 'Papa francesa, ensalada', NULL, 39000.00, '../modelos 3D/trucha-parrilla.glb', 1, 0, 0);
INSERT INTO `menu_items` (`category_id`,`item_key`,`name`,`description`,`ingredients`,`portion`,`price`,`model_path`,`is_available`,`is_popular`,`is_chef_recommendation`) VALUES (8, 'pz6', 'Trucha al Ajillo', 'Papa francesa, ensalada', 'Papa francesa, ensalada', NULL, 40000.00, '../modelos 3D/trucha-al-ajillo.glb', 1, 0, 0);
INSERT INTO `menu_items` (`category_id`,`item_key`,`name`,`description`,`ingredients`,`portion`,`price`,`model_path`,`is_available`,`is_popular`,`is_chef_recommendation`) VALUES (8, 'pz7', 'Mojarra Dorada', 'Patacón, ensalada', 'Patacón, ensalada', NULL, 42000.00, '../modelos 3D/mojarra-dorada.glb', 1, 0, 0);
INSERT INTO `menu_items` (`category_id`,`item_key`,`name`,`description`,`ingredients`,`portion`,`price`,`model_path`,`is_available`,`is_popular`,`is_chef_recommendation`) VALUES (8, 'pz8', 'Mojarra a la Criolla', 'Papa, yuca, mazorca, arroz', 'Papa, yuca, mazorca, arroz', NULL, 42000.00, '../modelos 3D/mojarra-a-la-criolla.glb', 1, 0, 0);
INSERT INTO `menu_items` (`category_id`,`item_key`,`name`,`description`,`ingredients`,`portion`,`price`,`model_path`,`is_available`,`is_popular`,`is_chef_recommendation`) VALUES (8, 'pz9', 'Bocachico o Capaz', 'Preparación estilo sudado, papa, yuca, mazorca, arroz, consomé, aguacate', 'Preparación estilo sudado, papa, yuca, mazorca, arroz, consomé, aguacate', NULL, 48000.00, '../modelos 3D/bocachico-o-capaz.glb', 1, 0, 0);
INSERT INTO `menu_items` (`category_id`,`item_key`,`name`,`description`,`ingredients`,`portion`,`price`,`model_path`,`is_available`,`is_popular`,`is_chef_recommendation`) VALUES (8, 'pz10', 'Salmón Cremoso Tozcana', 'Cremosa salsa con especias, tomates deshidratados, espinaca, parmesano, papa francesa', 'Cremosa salsa con especias, tomates deshidratados, espinaca, parmesano, papa francesa', NULL, 65000.00, '../modelos 3D/salmon-cremoso-tozcana.glb', 1, 0, 0);
INSERT INTO `menu_items` (`category_id`,`item_key`,`name`,`description`,`ingredients`,`portion`,`price`,`model_path`,`is_available`,`is_popular`,`is_chef_recommendation`) VALUES (8, 'pz11', 'Salmón a la Plancha', 'Papa francesa, vegetales salteados', 'Papa francesa, vegetales salteados', NULL, 59000.00, '../modelos 3D/salmon-a-la-plancha.glb', 1, 0, 0);
INSERT INTO `menu_items` (`category_id`,`item_key`,`name`,`description`,`ingredients`,`portion`,`price`,`model_path`,`is_available`,`is_popular`,`is_chef_recommendation`) VALUES (8, 'pz12', 'Salmón Flora Pasión', 'Montado en puré de papa, bañado en salsa de maracuyá, uchuva, vegetales salteados', 'Montado en puré de papa, bañado en salsa de maracuyá, uchuva, vegetales salteados', NULL, 63000.00, '../modelos 3D/salmon-flora-pasion.glb', 1, 0, 0);
INSERT INTO `menu_items` (`category_id`,`item_key`,`name`,`description`,`ingredients`,`portion`,`price`,`model_path`,`is_available`,`is_popular`,`is_chef_recommendation`) VALUES (8, 'pz13', 'Salmón Acholupado', 'Montado en puré de papa, bañado en salsa de cholupa, vegetales salteados', 'Montado en puré de papa, bañado en salsa de cholupa, vegetales salteados', NULL, 63000.00, '../modelos 3D/salmon-acholupado.glb', 1, 0, 0);
INSERT INTO `menu_items` (`category_id`,`item_key`,`name`,`description`,`ingredients`,`portion`,`price`,`model_path`,`is_available`,`is_popular`,`is_chef_recommendation`) VALUES (8, 'pz14', 'Salmón Balsámico', 'Montado en puré de papa, bañado en reducción balsámica, vegetales salteados', 'Montado en puré de papa, bañado en reducción balsámica, vegetales salteados', NULL, 63000.00, '../modelos 3D/salmon-balsamico.glb', 1, 0, 0);
INSERT INTO `menu_items` (`category_id`,`item_key`,`name`,`description`,`ingredients`,`portion`,`price`,`model_path`,`is_available`,`is_popular`,`is_chef_recommendation`) VALUES (8, 'pz15', 'Pirarucú a la Parrilla', 'Patacón, ensalada — por temporada', 'Patacón, ensalada — por temporada', NULL, 49000.00, '../modelos 3D/pirarucu-a-la-parrilla.glb', 1, 0, 0);
INSERT INTO `menu_items` (`category_id`,`item_key`,`name`,`description`,`ingredients`,`portion`,`price`,`model_path`,`is_available`,`is_popular`,`is_chef_recommendation`) VALUES (9, 'go1', 'Salmón - Pasta Alfredo - Vegetales Salteados', 'Filete de salmón, pasta con pollo y champiñones, en salsa blanca', 'Filete de salmón, pasta con pollo y champiñones, en salsa blanca', NULL, 48000.00, '../modelos 3D/salmon-pasta-alfredo-vegetales-salteados.glb', 1, 0, 0);
INSERT INTO `menu_items` (`category_id`,`item_key`,`name`,`description`,`ingredients`,`portion`,`price`,`model_path`,`is_available`,`is_popular`,`is_chef_recommendation`) VALUES (9, 'go2', 'Medallón Filet Mignon - Pasta Carbonara', 'Medallón de lomo fino, pasta al estilo italiano, con camarón y tocineta', 'Medallón de lomo fino, pasta al estilo italiano, con camarón y tocineta', NULL, 46000.00, '../modelos 3D/medallon-filet-mignon-pasta-carbonara.glb', 1, 0, 0);
INSERT INTO `menu_items` (`category_id`,`item_key`,`name`,`description`,`ingredients`,`portion`,`price`,`model_path`,`is_available`,`is_popular`,`is_chef_recommendation`) VALUES (10, 'cz1', 'Bowls Crocantes de Camarones', 'Camarones salpimentados apanados, dedos de queso, salsa tres quesos, salsa de cholupa', 'Camarones salpimentados apanados, dedos de queso, salsa tres quesos, salsa de cholupa', NULL, 56000.00, '../modelos 3D/bowls-crocantes-de-camarones.glb', 1, 0, 0);
INSERT INTO `menu_items` (`category_id`,`item_key`,`name`,`description`,`ingredients`,`portion`,`price`,`model_path`,`is_available`,`is_popular`,`is_chef_recommendation`) VALUES (10, 'cz2', 'Bagre San Joaquín Gratinado', 'Trozos de bagre en salsa, camarón, champiñón, papa francesa, arroz', 'Trozos de bagre en salsa, camarón, champiñón, papa francesa, arroz', NULL, 59000.00, '../modelos 3D/bagre-san-joaquin-gratinado.glb', 1, 0, 0);
INSERT INTO `menu_items` (`category_id`,`item_key`,`name`,`description`,`ingredients`,`portion`,`price`,`model_path`,`is_available`,`is_popular`,`is_chef_recommendation`) VALUES (10, 'cz3', 'Cazuela de Mariscos Gratinada', 'Patacón, arroz', 'Patacón, arroz', NULL, 65000.00, '../modelos 3D/cazuela-de-mariscos-gratinada.glb', 1, 0, 0);
INSERT INTO `menu_items` (`category_id`,`item_key`,`name`,`description`,`ingredients`,`portion`,`price`,`model_path`,`is_available`,`is_popular`,`is_chef_recommendation`) VALUES (10, 'cz4', 'Cazuela Pirarucú y Camarón Gratinada', 'Patacón, arroz', 'Patacón, arroz', NULL, 62000.00, '../modelos 3D/cazuela-pirarucu-y-camaron-gratinada.glb', 1, 0, 0);
INSERT INTO `menu_items` (`category_id`,`item_key`,`name`,`description`,`ingredients`,`portion`,`price`,`model_path`,`is_available`,`is_popular`,`is_chef_recommendation`) VALUES (10, 'cz5', 'Cazuela Camarón Gratinada', 'Patacón, arroz', 'Patacón, arroz', NULL, 62000.00, '../modelos 3D/cazuela-camaron-gratinada.glb', 1, 0, 0);
INSERT INTO `menu_items` (`category_id`,`item_key`,`name`,`description`,`ingredients`,`portion`,`price`,`model_path`,`is_available`,`is_popular`,`is_chef_recommendation`) VALUES (11, 'ar1', 'Guiso de la Abuela', 'Guiso mezclado con longaniza, arveja, papa criolla, acompañado de panceta, huevo frito, tajadas de maduro', 'Guiso mezclado con longaniza, arveja, papa criolla, acompañado de panceta, huevo frito, tajadas de maduro', NULL, 39000.00, '../modelos 3D/guiso-de-la-abuela.glb', 1, 0, 0);
INSERT INTO `menu_items` (`category_id`,`item_key`,`name`,`description`,`ingredients`,`portion`,`price`,`model_path`,`is_available`,`is_popular`,`is_chef_recommendation`) VALUES (11, 'ar2', 'Paella Mariscos', 'Papa francesa', 'Papa francesa', NULL, 62000.00, '../modelos 3D/paella.glb', 1, 0, 0);
INSERT INTO `menu_items` (`category_id`,`item_key`,`name`,`description`,`ingredients`,`portion`,`price`,`model_path`,`is_available`,`is_popular`,`is_chef_recommendation`) VALUES (11, 'ar3', 'Rissotto de Champiñones', 'Arroz cremoso, champiñones salteados', 'Arroz cremoso, champiñones salteados', NULL, 39000.00, '../modelos 3D/rissotto-de-champinones.glb', 1, 0, 0);
INSERT INTO `menu_items` (`category_id`,`item_key`,`name`,`description`,`ingredients`,`portion`,`price`,`model_path`,`is_available`,`is_popular`,`is_chef_recommendation`) VALUES (11, 'ar4', 'Rissotto Miñón', 'Arroz cremoso con champiñones, medallón de lomito relleno de queso bordeado con tocineta, bañado en salsa teriyaki, papa francesa', 'Arroz cremoso con champiñones, medallón de lomito relleno de queso bordeado con tocineta, bañado en salsa teriyaki, papa francesa', NULL, 55000.00, '../modelos 3D/rissotto-minon.glb', 1, 0, 0);
INSERT INTO `menu_items` (`category_id`,`item_key`,`name`,`description`,`ingredients`,`portion`,`price`,`model_path`,`is_available`,`is_popular`,`is_chef_recommendation`) VALUES (11, 'ar5', 'Arroz Meloso', 'Camarón, champiñones', 'Camarón, champiñones', NULL, 49000.00, '../modelos 3D/arroz-meloso.glb', 1, 0, 0);
INSERT INTO `menu_items` (`category_id`,`item_key`,`name`,`description`,`ingredients`,`portion`,`price`,`model_path`,`is_available`,`is_popular`,`is_chef_recommendation`) VALUES (11, 'ar6', 'Arroz Tapao''', 'Salsa de la casa, champiñones, tocineta, pollo desmechado, papa ripio', 'Salsa de la casa, champiñones, tocineta, pollo desmechado, papa ripio', NULL, 38000.00, '../modelos 3D/arroz-tapao.glb', 1, 0, 0);
INSERT INTO `menu_items` (`category_id`,`item_key`,`name`,`description`,`ingredients`,`portion`,`price`,`model_path`,`is_available`,`is_popular`,`is_chef_recommendation`) VALUES (11, 'ar7', 'Arroz del Campo', 'Cerdo, pollo, mollejas, huevo, tortilla, trozos de maduro, maíz tierno, vegetales, chips de plátano', 'Cerdo, pollo, mollejas, huevo, tortilla, trozos de maduro, maíz tierno, vegetales, chips de plátano', NULL, 39000.00, '../modelos 3D/arroz-del-campo.glb', 1, 0, 0);
INSERT INTO `menu_items` (`category_id`,`item_key`,`name`,`description`,`ingredients`,`portion`,`price`,`model_path`,`is_available`,`is_popular`,`is_chef_recommendation`) VALUES (11, 'ar8', 'Caldoso de Mariscos', 'Arroz con base en salsa atomatada, mix de marisco, papa francesa', 'Arroz con base en salsa atomatada, mix de marisco, papa francesa', NULL, 58000.00, '../modelos 3D/caldoso-de-mariscos.glb', 1, 0, 0);
INSERT INTO `menu_items` (`category_id`,`item_key`,`name`,`description`,`ingredients`,`portion`,`price`,`model_path`,`is_available`,`is_popular`,`is_chef_recommendation`) VALUES (12, 'pa1', 'Bolognesa al Forno', 'Pasta larga o corta, pan focaccia', 'Pasta larga o corta, pan focaccia', NULL, 39000.00, '../modelos 3D/bolognesa-al-forno.glb', 1, 0, 0);
INSERT INTO `menu_items` (`category_id`,`item_key`,`name`,`description`,`ingredients`,`portion`,`price`,`model_path`,`is_available`,`is_popular`,`is_chef_recommendation`) VALUES (12, 'pa2', 'Carbonara con Camarón', 'Pasta larga o corta, pan focaccia', 'Pasta larga o corta, pan focaccia', NULL, 48000.00, '../modelos 3D/carbonara-con-camaron.glb', 1, 0, 0);
INSERT INTO `menu_items` (`category_id`,`item_key`,`name`,`description`,`ingredients`,`portion`,`price`,`model_path`,`is_available`,`is_popular`,`is_chef_recommendation`) VALUES (12, 'pa3', 'Al Fredo', 'Pasta larga o corta, pan focaccia', 'Pasta larga o corta, pan focaccia', NULL, 39000.00, '../modelos 3D/al-fredo.glb', 1, 0, 0);
INSERT INTO `menu_items` (`category_id`,`item_key`,`name`,`description`,`ingredients`,`portion`,`price`,`model_path`,`is_available`,`is_popular`,`is_chef_recommendation`) VALUES (12, 'pa4', 'Espaguetti Tres Quesos + Lomito Balsámico', 'Base en salsa blanca, queso pecorino, queso azul y parmesano', 'Base en salsa blanca, queso pecorino, queso azul y parmesano', NULL, 48000.00, '../modelos 3D/espaguetti-tres-quesos-lomito-balsamico.glb', 1, 0, 0);
INSERT INTO `menu_items` (`category_id`,`item_key`,`name`,`description`,`ingredients`,`portion`,`price`,`model_path`,`is_available`,`is_popular`,`is_chef_recommendation`) VALUES (13, 'cp1', 'Pollo Champiñón', 'Acompañado con pan focaccia', 'Acompañado con pan focaccia', NULL, 29000.00, '../modelos 3D/pollo-champinon.glb', 1, 0, 0);
INSERT INTO `menu_items` (`category_id`,`item_key`,`name`,`description`,`ingredients`,`portion`,`price`,`model_path`,`is_available`,`is_popular`,`is_chef_recommendation`) VALUES (13, 'cp2', 'Camarones al Ajillo', 'Acompañado con pan focaccia', 'Acompañado con pan focaccia', NULL, 30000.00, '../modelos 3D/camarones-al-ajillo.glb', 1, 0, 0);
INSERT INTO `menu_items` (`category_id`,`item_key`,`name`,`description`,`ingredients`,`portion`,`price`,`model_path`,`is_available`,`is_popular`,`is_chef_recommendation`) VALUES (14, 'ls1', 'Lasagna Boloñesa', 'Acompañada con pan focaccia', 'Acompañada con pan focaccia', NULL, 38000.00, '../modelos 3D/lasagna-bolonesa.glb', 1, 0, 0);
INSERT INTO `menu_items` (`category_id`,`item_key`,`name`,`description`,`ingredients`,`portion`,`price`,`model_path`,`is_available`,`is_popular`,`is_chef_recommendation`) VALUES (14, 'ls2', 'Lasagna Boloñesa con Maduro', 'Acompañada con pan focaccia', 'Acompañada con pan focaccia', NULL, 38000.00, '../modelos 3D/lasagna-bolonesa-con-maduro.glb', 1, 0, 0);
INSERT INTO `menu_items` (`category_id`,`item_key`,`name`,`description`,`ingredients`,`portion`,`price`,`model_path`,`is_available`,`is_popular`,`is_chef_recommendation`) VALUES (15, 'pk1', 'Patakolo Insignia de la Casa', 'Base de patacón crocante, cubierta con salsa de la casa, carne y pollo desmechado, chicharrón, piña y maduro caramelizado, gratinado', 'Base de patacón crocante, cubierta con salsa de la casa, carne y pollo desmechado, chicharrón, piña y maduro caramelizado, gratinado', NULL, 39000.00, '../modelos 3D/patakolo-insignia-de-la-casa.glb', 1, 0, 0);
INSERT INTO `menu_items` (`category_id`,`item_key`,`name`,`description`,`ingredients`,`portion`,`price`,`model_path`,`is_available`,`is_popular`,`is_chef_recommendation`) VALUES (15, 'pk2', 'Patakolo Brutal (con Camarón)', 'Base de patacón crocante, salsa de la casa, carne y pollo desmechado, chicharrón, champiñón, camarón apanado, piña y maduro caramelizado, gratinado', 'Base de patacón crocante, salsa de la casa, carne y pollo desmechado, chicharrón, champiñón, camarón apanado, piña y maduro caramelizado, gratinado', NULL, 48000.00, '../modelos 3D/patakolo-brutal-con-camaron.glb', 1, 0, 0);
INSERT INTO `menu_items` (`category_id`,`item_key`,`name`,`description`,`ingredients`,`portion`,`price`,`model_path`,`is_available`,`is_popular`,`is_chef_recommendation`) VALUES (15, 'pk3', 'Patakronch', 'Carne y pollo estilo ropa vieja, maíz tierno, láminas de aguacate, rodajas de chorizo santarrosano, queso asado, queso mozzarella fundido', 'Carne y pollo estilo ropa vieja, maíz tierno, láminas de aguacate, rodajas de chorizo santarrosano, queso asado, queso mozzarella fundido', NULL, 36000.00, '../modelos 3D/patakronch.glb', 1, 0, 0);
INSERT INTO `menu_items` (`category_id`,`item_key`,`name`,`description`,`ingredients`,`portion`,`price`,`model_path`,`is_available`,`is_popular`,`is_chef_recommendation`) VALUES (16, 'in1', 'Brochetas de Nuggets y Salchicha Ranchera', 'Papa carita feliz y francesa, salsa, miel, brownie con helado', 'Papa carita feliz y francesa, salsa, miel, brownie con helado', NULL, 27000.00, '../modelos 3D/brochetas-de-nuggets-y-salchicha-ranchera.glb', 1, 0, 0);
INSERT INTO `menu_items` (`category_id`,`item_key`,`name`,`description`,`ingredients`,`portion`,`price`,`model_path`,`is_available`,`is_popular`,`is_chef_recommendation`) VALUES (16, 'in2', 'Alitas de Pollo', 'Salsa BBQ de la casa, papa francesa, brownie con helado', 'Salsa BBQ de la casa, papa francesa, brownie con helado', NULL, 30000.00, '../modelos 3D/alitas-de-pollo.glb', 1, 0, 0);
INSERT INTO `menu_items` (`category_id`,`item_key`,`name`,`description`,`ingredients`,`portion`,`price`,`model_path`,`is_available`,`is_popular`,`is_chef_recommendation`) VALUES (16, 'in3', 'Salchipapa Moñona', 'Papa francesa, salchicha ranchera, chorizo vara, cubo de quesillo asado, huevos de codorniz, salsa de la casa, brownie con helado', 'Papa francesa, salchicha ranchera, chorizo vara, cubo de quesillo asado, huevos de codorniz, salsa de la casa, brownie con helado', NULL, 25000.00, '../modelos 3D/salchipapa-monona.glb', 1, 0, 0);
INSERT INTO `menu_items` (`category_id`,`item_key`,`name`,`description`,`ingredients`,`portion`,`price`,`model_path`,`is_available`,`is_popular`,`is_chef_recommendation`) VALUES (16, 'in4', 'Mazorcada', 'Trozos de lomito de res y pechuga con maíz tierno y maduro en salsa de la casa, queso fundido, papa chips', 'Trozos de lomito de res y pechuga con maíz tierno y maduro en salsa de la casa, queso fundido, papa chips', NULL, 33000.00, '../modelos 3D/mazorcada.glb', 1, 0, 0);
INSERT INTO `menu_items` (`category_id`,`item_key`,`name`,`description`,`ingredients`,`portion`,`price`,`model_path`,`is_available`,`is_popular`,`is_chef_recommendation`) VALUES (17, 'bb1', 'Limonada Natural', 'Limonada clásica', 'Limonada clásica', NULL, 9000.00, '../modelos 3D/limonada-natural.glb', 1, 0, 0);
INSERT INTO `menu_items` (`category_id`,`item_key`,`name`,`description`,`ingredients`,`portion`,`price`,`model_path`,`is_available`,`is_popular`,`is_chef_recommendation`) VALUES (17, 'bb2', 'Limonada de Hierbabuena', 'Limonada con hierbabuena fresca', 'Limonada con hierbabuena fresca', NULL, 9000.00, '../modelos 3D/limonada-de-hierbabuena.glb', 1, 0, 0);
INSERT INTO `menu_items` (`category_id`,`item_key`,`name`,`description`,`ingredients`,`portion`,`price`,`model_path`,`is_available`,`is_popular`,`is_chef_recommendation`) VALUES (17, 'bb3', 'Limonada Cerezada', 'Limonada con toque de cereza', 'Limonada con toque de cereza', NULL, 9000.00, '../modelos 3D/limonada-cerezada.glb', 1, 0, 0);
INSERT INTO `menu_items` (`category_id`,`item_key`,`name`,`description`,`ingredients`,`portion`,`price`,`model_path`,`is_available`,`is_popular`,`is_chef_recommendation`) VALUES (17, 'bb4', 'Limonada de Coco', 'Limonada cremosa de coco', 'Limonada cremosa de coco', NULL, 10000.00, '../modelos 3D/limonada-de-coco.glb', 1, 0, 0);
INSERT INTO `menu_items` (`category_id`,`item_key`,`name`,`description`,`ingredients`,`portion`,`price`,`model_path`,`is_available`,`is_popular`,`is_chef_recommendation`) VALUES (17, 'bb5', 'Jugo Natural', 'Fruta de temporada', 'Fruta de temporada', NULL, 9000.00, '../modelos 3D/jugo-natural.glb', 1, 0, 0);
INSERT INTO `menu_items` (`category_id`,`item_key`,`name`,`description`,`ingredients`,`portion`,`price`,`model_path`,`is_available`,`is_popular`,`is_chef_recommendation`) VALUES (17, 'bb6', 'Jarra en Agua', 'Para compartir', 'Para compartir', NULL, 16000.00, '../modelos 3D/jarra-en-agua.glb', 1, 0, 0);
INSERT INTO `menu_items` (`category_id`,`item_key`,`name`,`description`,`ingredients`,`portion`,`price`,`model_path`,`is_available`,`is_popular`,`is_chef_recommendation`) VALUES (17, 'bb7', 'Jarra en Leche', 'Para compartir', 'Para compartir', NULL, 18000.00, '../modelos 3D/jarra-en-leche.glb', 1, 0, 0);
INSERT INTO `menu_items` (`category_id`,`item_key`,`name`,`description`,`ingredients`,`portion`,`price`,`model_path`,`is_available`,`is_popular`,`is_chef_recommendation`) VALUES (17, 'bb8', 'Soda Refrescante Sandía', 'Sirope sandía, perlas explosivas de manzana verde, trozos de sandía, manzana roja, limón, rodaja de naranja', 'Sirope sandía, perlas explosivas de manzana verde, trozos de sandía, manzana roja, limón, rodaja de naranja', NULL, 15000.00, '../modelos 3D/soda-refrescante-sandia.glb', 1, 0, 0);
INSERT INTO `menu_items` (`category_id`,`item_key`,`name`,`description`,`ingredients`,`portion`,`price`,`model_path`,`is_available`,`is_popular`,`is_chef_recommendation`) VALUES (17, 'bb9', 'Soda Refrescante Frutos Verdes', 'Sirope manzana, perlas explosivas de maracuyá, trozos de pera, manzana, limón, rodaja de naranja', 'Sirope manzana, perlas explosivas de maracuyá, trozos de pera, manzana, limón, rodaja de naranja', NULL, 15000.00, '../modelos 3D/soda-refrescante-frutos-verdes.glb', 1, 0, 0);
INSERT INTO `menu_items` (`category_id`,`item_key`,`name`,`description`,`ingredients`,`portion`,`price`,`model_path`,`is_available`,`is_popular`,`is_chef_recommendation`) VALUES (17, 'bb10', 'Soda Refrescante Frutos Amarillos', 'Sirope maracuyá, perlas explosivas de mango viche, mix de maracuyá, cholupa, piña, limón, rodaja de naranja', 'Sirope maracuyá, perlas explosivas de mango viche, mix de maracuyá, cholupa, piña, limón, rodaja de naranja', NULL, 15000.00, '../modelos 3D/soda-refrescante-frutos-amarillos.glb', 1, 0, 0);
INSERT INTO `menu_items` (`category_id`,`item_key`,`name`,`description`,`ingredients`,`portion`,`price`,`model_path`,`is_available`,`is_popular`,`is_chef_recommendation`) VALUES (17, 'bb11', 'Soda Refrescante Frutos Rojos', 'Sirope fresa, perlas explosivas de cereza, fresa, arándanos, manzana roja, limón, rodaja de naranja', 'Sirope fresa, perlas explosivas de cereza, fresa, arándanos, manzana roja, limón, rodaja de naranja', NULL, 15000.00, '../modelos 3D/soda-refrescante-frutos-rojos.glb', 1, 0, 0);
INSERT INTO `menu_items` (`category_id`,`item_key`,`name`,`description`,`ingredients`,`portion`,`price`,`model_path`,`is_available`,`is_popular`,`is_chef_recommendation`) VALUES (17, 'bb12', 'Soda Lychees con Hierbabuena', 'Sirope lychees, perlas explosivas de blueberry, hierbabuena, limón, rodaja de naranja, lychees', 'Sirope lychees, perlas explosivas de blueberry, hierbabuena, limón, rodaja de naranja, lychees', NULL, 15000.00, '../modelos 3D/soda-lychees-con-hierbabuena.glb', 1, 0, 0);
INSERT INTO `menu_items` (`category_id`,`item_key`,`name`,`description`,`ingredients`,`portion`,`price`,`model_path`,`is_available`,`is_popular`,`is_chef_recommendation`) VALUES (17, 'bb13', 'Michelada Mango Biche', 'Vodka, mix de mango biche · valor de la cerveza adicional', 'Vodka, mix de mango biche · valor de la cerveza adicional', NULL, 10000.00, '../modelos 3D/michelada-mango-biche.glb', 1, 0, 0);
INSERT INTO `menu_items` (`category_id`,`item_key`,`name`,`description`,`ingredients`,`portion`,`price`,`model_path`,`is_available`,`is_popular`,`is_chef_recommendation`) VALUES (17, 'bb14', 'Michelada Honey Chelada', 'Vodka, miel de abeja, limón, pimienta · valor de la cerveza adicional', 'Vodka, miel de abeja, limón, pimienta · valor de la cerveza adicional', NULL, 10000.00, '../modelos 3D/michelada-honey-chelada.glb', 1, 0, 0);
INSERT INTO `menu_items` (`category_id`,`item_key`,`name`,`description`,`ingredients`,`portion`,`price`,`model_path`,`is_available`,`is_popular`,`is_chef_recommendation`) VALUES (17, 'bb15', 'Malteada', 'Deliciosa malteada de helado', 'Deliciosa malteada de helado', NULL, 12000.00, '../modelos 3D/malteada.glb', 1, 0, 0);
INSERT INTO `menu_items` (`category_id`,`item_key`,`name`,`description`,`ingredients`,`portion`,`price`,`model_path`,`is_available`,`is_popular`,`is_chef_recommendation`) VALUES (17, 'bb16', 'Cerveza Lata', 'Consulta las referencias disponibles', 'Consulta las referencias disponibles', NULL, 5000.00, '../modelos 3D/cerveza-lata.glb', 1, 0, 0);
INSERT INTO `menu_items` (`category_id`,`item_key`,`name`,`description`,`ingredients`,`portion`,`price`,`model_path`,`is_available`,`is_popular`,`is_chef_recommendation`) VALUES (18, 'pt1', 'Postre del Día', 'Consulta la opción disponible con tu mesero', 'Consulta la opción disponible con tu mesero', NULL, 13000.00, '../modelos 3D/postre-del-dia.glb', 1, 0, 0);

INSERT INTO `roles` (`role_key`,`label`,`description`) VALUES ('admin','Administrador','Acceso completo al sistema');
INSERT INTO `roles` (`role_key`,`label`,`description`) VALUES ('mesero','Mesero','Acceso a la gestión de mesas y pedidos');
INSERT INTO `roles` (`role_key`,`label`,`description`) VALUES ('cocina','Cocina','Acceso a la gestión de preparaciones');
INSERT INTO `roles` (`role_key`,`label`,`description`) VALUES ('cajero','Cajero','Acceso a cobros y facturación');

INSERT INTO `permissions` (`permission_key`,`label`,`description`) VALUES ('manage_menu','Gestionar menú','Crear y editar platos y categorías');
INSERT INTO `permissions` (`permission_key`,`label`,`description`) VALUES ('manage_promotions','Gestionar promociones','Crear y editar promociones y combos');
INSERT INTO `permissions` (`permission_key`,`label`,`description`) VALUES ('manage_users','Gestionar usuarios','Administrar cuentas de clientes y personal');
INSERT INTO `permissions` (`permission_key`,`label`,`description`) VALUES ('view_reports','Ver reportes','Acceder a estadísticas de uso');

INSERT INTO `role_permissions` (`role_id`,`permission_id`) VALUES (1,1);
INSERT INTO `role_permissions` (`role_id`,`permission_id`) VALUES (1,2);
INSERT INTO `role_permissions` (`role_id`,`permission_id`) VALUES (1,3);
INSERT INTO `role_permissions` (`role_id`,`permission_id`) VALUES (1,4);

INSERT INTO `staff` (`username`,`password`,`full_name`,`role_id`,`email`,`phone`,`status`) VALUES ('griostavera','262025RiosEspinosa','Administrador Principal',1,'griostavera@gmail.com','+57-3000000000','active');